DROP TABLE IF EXISTS `h2o_feet`;

affected_rows: 0

CREATE TABLE `h2o_feet` (
    `time` timestamp NOT NULL,
    `level_description` string TAG,
    `location` string TAG,
    `water_level` double,
    timestamp KEY (time)) ENGINE = Analytic WITH (
    enable_ttl = 'false'
);

affected_rows: 0

INSERT INTO h2o_feet(time, level_description, location, water_level)
    VALUES
        (1439827200000, "between 6 and 9 feet", "coyote_creek", 8.12),
        (1439827200000, "below 3 feet", "santa_monica", 2.064),
        (1439827560000, "between 6 and 9 feet", "coyote_creek", 8.005),
        (1439827560000, "below 3 feet", "santa_monica", 2.116),
        (1439827620000, "between 6 and 9 feet", "coyote_creek", 7.887),
        (1439827620000, "below 3 feet", "santa_monica", 2.028);

affected_rows: 6

-- SQLNESS ARG protocol=influxql
SELECT * FROM "h2o_feet";

{"results":[{"statement_id":0,"series":[{"name":"h2o_feet","columns":["time","level_description","location","water_level"],"values":[[1439827200000,"below 3 feet","santa_monica",2.064],[1439827200000,"between 6 and 9 feet","coyote_creek",8.12],[1439827560000,"below 3 feet","santa_monica",2.116],[1439827560000,"between 6 and 9 feet","coyote_creek",8.005],[1439827620000,"below 3 feet","santa_monica",2.028],[1439827620000,"between 6 and 9 feet","coyote_creek",7.887]]}]}]}

-- SQLNESS ARG protocol=influxql
SELECT "level_description", location, water_level FROM "h2o_feet" where location = 'santa_monica';

{"results":[{"statement_id":0,"series":[{"name":"h2o_feet","columns":["time","level_description","location","water_level"],"values":[[1439827200000,"below 3 feet","santa_monica",2.064],[1439827560000,"below 3 feet","santa_monica",2.116],[1439827620000,"below 3 feet","santa_monica",2.028]]}]}]}

DROP TABLE IF EXISTS `h2o_feet`;

affected_rows: 0

